<?xml version="1.0" encoding="UTF-8" standalone="yes"?>
<addon id="plugin.video.veehd"
       name="VeeHD"
       version=“2.0.0”
       provider-name="nixa">
  <requires>
       <import addon="xbmc.python" version="2.1.0"/>
       <import addon="script.module.beautifulsoup" version="3.0.8"/>
  </requires>
  <extension point="xbmc.python.pluginsource" library="default.py">
        <provides>video</provides>
  </extension>
  <extension point="xbmc.addon.metadata">
    <summary>Search and stream good movies</summary>
    <description>Search and stream good movies from veehd.com.
                 Get user/pass from http://veehd.com
    </description>
    <platform>all</platform>
  </extension>
  <extension point="xbmc.addon.repository" name="XBMC-VeeHD">
       <info compressed="true">http://www.bsd-crew.de/~cseidel/xbmc/addons.xml</info>
       <checksum>http://www.bsd-crew.de/~cseidel/xbmc/addons.xml.md5</checksum>
       <datadir zip="true">http://www.bsd-crew.de/~cseidel/xbmc/</datadir>
  </extension>
</addon>
